symbol_id,feature_00,feature_01,feature_02,feature_03,feature_04,feature_05,feature_06,feature_07,feature_08,feature_09,feature_10,feature_11,feature_12,feature_13,feature_14,feature_15,feature_16,feature_17,feature_18,feature_19,feature_20,feature_21,feature_22,feature_23,feature_24,feature_25,feature_26,feature_27,feature_28,feature_29,feature_30,feature_31,feature_32,feature_33,feature_34,feature_35,feature_36,feature_37,feature_38,feature_39,feature_40,feature_41,feature_42,feature_43,feature_44,feature_45,feature_46,feature_47,feature_48,feature_49,feature_50,feature_51,feature_52,feature_53,feature_54,feature_55,feature_56,feature_57,feature_58,feature_59,feature_60,feature_61,feature_62,feature_63,feature_64,feature_65,feature_66,feature_67,feature_68,feature_69,feature_70,feature_71,feature_72,feature_73,feature_74,feature_75,feature_76,feature_77,feature_78,responder_6
0,1.993003368377685,-0.04125252738595,1.9984791278839111,1.995336890220642,-0.0209660045802593,-0.0364863574504852,-0.0071629914455115,-0.0128555158153176,-0.0155059341341257,11.0,7.0,76.0,-0.0607458762824535,-0.041849922388792,-0.0610013157129287,-0.8056552410125732,-0.6660298705101013,-0.782394528388977,0.0505691915750503,-0.1241874545812606,0.8626840114593506,-0.1547792255878448,1.6383380889892578,0.7263041138648987,1.1535753011703491,0.6576247811317444,1.0118672847747805,1.03625750541687,0.5727567672729492,-0.7398842573165894,-0.8423990607261658,-0.1590273827314376,1.436442255973816,-0.0282992366701364,1.512382745742798,1.509108304977417,-0.0193241350352764,0.0281973592936992,0.0126091502606868,0.0293345209211111,0.0781003758311271,0.0960757955908775,-0.0845216587185859,-0.1889003962278366,-0.1722205579280853,-0.0465384721755981,-0.046514231711626,-0.0329247713088989,-0.004791687708348,-0.0131575027480721,-0.1598190516233444,-0.2782397866249084,-0.2327260673046112,0.162017822265625,0.0836138948798179,0.1946655064821243,-0.1255198866128921,0.0790968313813209,-0.0478294230997562,-0.0048161670565605,-0.0110443253070116,0.1270643174648285,-0.4398554563522339,-0.364608883857727,-0.4205981194972992,0.0326761566102504,-0.1907253712415695,-0.0872982516884803,-0.0468152202665805,-0.0751802399754524,-0.057275403290987,-0.0345327295362949,-0.0584489628672599,-0.198279783129692,-0.1992671340703964,-0.1316296011209488,-0.1322058141231537,-0.1549380868673324,-0.1565076261758804,0.0050246031023561
1,2.0246896743774414,-0.0332792550325393,2.0268354415893555,2.025049924850464,-0.0186081416904926,-0.0515633262693882,-0.0081274593248963,-0.0198089368641376,0.0238299909979105,11.0,7.0,76.0,-0.0548095144331455,-0.0375257320702075,-0.0574357919394969,-0.6817952990531921,-0.5539381504058838,-0.6583598852157593,-0.0418198108673095,-0.0827994719147682,0.9682589173316956,-0.0211967825889587,0.982764720916748,0.5793225765228271,1.13629949092865,0.6834266185760498,-1.541439175605774,-0.1786978989839553,0.9878091812133788,-0.6116867661476135,-0.7176964282989502,-0.0185860972851514,1.416054606437683,0.003729741089046,1.482641577720642,1.475218415260315,-0.0229625031352043,0.0226221736520528,0.0261862911283969,0.11114352196455,0.0923693180084228,0.1395649462938308,-0.1641033738851547,-0.1931327283382415,-0.2178664058446884,0.1129534095525741,-0.1128691658377647,-0.0286042373627424,-0.0079890014603734,-0.0234086494892835,-0.0557003282010555,-0.1954570561647415,-0.1327023208141327,0.0533365756273269,0.0123662957921624,0.1003430262207984,0.0687798410654068,0.0075430506840348,-0.0613390915095806,-0.0095417089760303,-0.023631066083908,0.1042643412947654,-0.4302675127983093,-0.3581281006336212,-0.4123367965221405,-0.120308980345726,-0.2305803596973419,-0.0671349242329597,-0.0343257449567317,-0.0595805048942565,-0.0479386411607265,-0.0328580476343631,-0.055335409939289,0.46505007147789,0.4455045461654663,0.4093296825885772,0.3934433162212372,0.4381594955921173,0.4206631481647491,0.015744736418128
2,2.024909257888794,-0.0317751877009868,2.0258705615997314,2.025230646133423,-0.0219824984669685,-0.0537337884306907,-0.0080537796020507,-0.0199700575321912,0.0271451417356729,81.0,2.0,59.0,-0.1263382881879806,-0.0733854249119758,-0.1127967983484268,-0.6200763583183289,-0.4981579780578613,-0.5965133905410767,0.0630434304475784,-0.0789359360933303,0.37984099984169,-0.1839329153299331,0.9143304228782654,0.769421398639679,0.4517920613288879,-0.338066965341568,0.6922731399536133,0.4251533448696136,-0.0800704136490821,-0.5794878005981445,-0.6308715343475342,-0.1911553591489792,0.8957573771476746,-0.0933109745383262,0.9565832614898682,0.950892210006714,-0.0016248293686658,0.106134183704853,0.092897854745388,0.1885953992605209,0.0823969095945358,0.1746647655963897,-0.2120806276798248,-0.1809233129024505,-0.2478589415550232,0.1480723023414611,-0.1821434497833252,-0.0438860990107059,-0.008525600656867,-0.0214377734810113,0.0694205611944198,-0.1084155142307281,-0.0238227006047964,-0.0397457815706729,-0.042127389460802,-0.0018456018297001,0.0865913406014442,-0.088247574865818,-0.0547316335141658,-0.0114881489425897,-0.0259714405983686,0.1042643412947654,-0.4149740636348724,-0.3431158661842346,-0.3962861001491546,-0.0437373183667659,-0.215223029255867,-0.1338822245597839,-0.0653960481286048,-0.1109086647629737,-0.1376845836639404,-0.066603884100914,-0.1183591857552528,-0.2614351511001587,-0.2690612971782684,-0.1858768314123153,-0.1925082802772522,-0.2119205594062805,-0.2183508425951004,0.0166956298053264
3,2.022163391113281,-0.0329380929470062,2.026594877243042,2.0245978832244877,-0.0191741790622472,-0.0561363734304904,-0.0077893924899399,-0.0208792500197887,0.0375657156109809,4.0,3.0,11.0,-0.1001403704285621,-0.0552774704992771,-0.0880528092384338,-0.6968964338302612,-0.5685678124427795,-0.6732476353645325,-0.1331690400838852,-0.0666125118732452,-0.0020147988107055,-0.0932469442486763,0.3622973263263702,0.4810863733291626,0.7828546762466431,0.0911325961351394,-0.0123730553314089,-0.2587135136127472,-0.4996853768825531,-0.6030001044273376,-0.6987177133560181,-0.0972729548811912,1.456619143486023,-0.1169523373246193,1.5646357536315918,1.5575004816055298,-0.0121915368363261,0.018265426158905,0.0394831821322441,-0.1023274138569831,-0.0246273968368768,-0.0331835784018039,0.0843205973505973,-0.0594568289816379,-0.0344881601631641,-0.0784303098917007,0.2147863805294037,-0.0330202132463455,-0.0013846708461642,-0.0036134284455329,-0.2717008590698242,-0.2798462212085724,-0.3277845978736877,0.3260219097137451,0.1088844910264015,0.2904276251792907,-0.1639396548271179,0.3467544615268707,-0.0031410336960107,-0.002466156380251,-0.0016587161226198,0.1042643412947654,-0.3884781002998352,-0.3199215531349182,-0.370064914226532,-0.1920136660337448,-0.1508675366640091,-0.1171979159116745,-0.0558283142745494,-0.0944831222295761,-0.0848779305815696,-0.0431845039129257,-0.0763620659708976,0.1594087481498718,0.1514819115400314,0.1761223226785659,0.1682479530572891,0.1708517670631408,0.1637231260538101,-0.0154355773702263
4,2.446763515472412,0.0037135703023523,2.4545977115631104,2.451207637786865,-0.006707458756864,-0.0600212812423706,-0.0081899454817175,-0.0258390177041292,0.0419371128082275,15.0,1.0,9.0,1.5113400220870972,0.6419381499290466,1.0461101531982422,-0.8019003868103027,-0.6681401133537292,-0.7787200808525085,-0.0644587278366088,0.2227159142494201,-0.9290350675582886,0.4279590249061584,0.6415049433708191,0.1706169992685318,3.3492610454559326,1.7308471202850342,-1.3812804222106934,-1.0199201107025146,-0.4773526191711426,-0.6158859133720398,-0.8394538760185242,0.5106068253517151,1.5537594556808472,0.0409181453287601,1.6254626512527466,1.621110439300537,-3.579780241125263e-05,-0.087237924337387,-0.1150719821453094,-0.1400783360004425,0.0170631874352693,-0.049916286021471,0.1525256037712097,-0.1020332425832748,-0.0265920329838991,-0.0514824464917182,0.3220767676830292,0.0255048144608736,0.0100649986416101,0.016480267047882,-0.3961278200149536,-0.4080594778060913,-0.4960953295230865,0.5550065636634827,0.2469608634710312,0.4881181716918945,-0.1697219163179397,0.5943127274513245,0.0049856877885758,0.0031834854744374,0.0078734345734119,-0.1216029897332191,-0.3124866485595703,-0.2613506913185119,-0.3002546429634094,-0.1084766462445259,0.0881146565079689,1.2106246948242188,0.4513129591941833,0.7963458299636841,1.770432472229004,0.6420510411262512,1.1944501399993896,-0.0631524696946144,-0.0505933202803134,-0.031217249110341,-0.020720612257719,-0.0429175905883312,-0.0325659736990928,-0.0181594938039779
5,2.0204648971557617,-0.0298671554774045,2.024603843688965,2.0240368843078613,-0.0186342671513557,-0.0588249415159225,-0.0105246994644403,-0.0222864765673875,0.0384468398988246,2.0,10.0,171.0,-0.0850633382797241,-0.0531157366931438,-0.0816459879279136,-0.8138461709022522,-0.6742630004882812,-0.7899896502494812,0.1383025795221328,-0.0277404617518186,0.2139216661453247,-0.1012660861015319,1.1762168407440186,0.2189543396234512,0.6589823365211487,0.0227099582552909,-0.9144768118858336,0.0546578653156757,0.7073199152946472,-0.8083434104919434,-0.8636014461517334,-0.1007645279169082,1.46344256401062,-0.010739728808403,1.539171814918518,1.5265100002288818,-0.0147608704864978,0.117218367755413,0.1321699470281601,0.0979186818003654,0.0683888643980026,0.1120049580931663,-0.1441243886947631,-0.1575191468000412,-0.1779460906982422,0.012713891454041,-0.1001037433743476,-0.0358838364481925,-0.0061277188360691,-0.0205936320126056,-0.1097663789987564,-0.2886083424091339,-0.2275747060775756,0.1159144043922424,0.1048675552010536,0.1977029293775558,-0.1141863167285919,0.081887312233448,-0.0637428909540176,-0.0088014947250485,-0.0235879160463809,0.1042643412947654,-0.4136807322502136,-0.3520093858242035,-0.4056327044963836,0.0075585944578051,-0.1440742462873459,-0.0835844576358795,-0.045556116849184,-0.0736596509814262,-0.089321419596672,-0.047321006655693,-0.0819216221570968,0.0982254743576049,0.0788775011897087,0.1335126608610153,0.1137415021657943,0.1193510442972183,0.1009654626250267,-0.0029844248201698
6,2.020040273666382,-0.0334156788885593,2.0268585681915283,2.0248379707336426,-0.0193634964525699,-0.0501741506159305,-0.0079968832433223,-0.0186726730316877,0.0217775478959083,12.0,4.0,34.0,-0.1889767944812774,-0.0981785282492637,-0.1511112749576568,-0.6227816939353943,-0.5106111764907837,-0.6017211675643921,-0.1734239310026168,0.0904728099703788,-1.0325970649719238,-0.2293100506067276,-0.7237222194671631,-0.5375482439994812,1.068161129951477,0.4986703395843506,-0.4916306734085083,-0.4834758639335632,-0.5203891396522522,-0.585698127746582,-0.670814573764801,-0.2453883290290832,1.2314696311950684,-0.1229772567749023,1.3337342739105225,1.3230527639389038,-0.0325900837779045,-0.0262045301496982,0.0087839635089039,0.0353933721780777,-0.0088027184829115,0.0319399833679199,-0.0582467056810855,-0.0463523752987384,-0.0849267393350601,0.1067536473274231,0.0090580210089683,-0.0430968068540096,-0.0041894265450537,-0.0167972780764102,-0.0842563509941101,-0.3071923851966858,-0.2240346819162368,0.1267878711223602,0.1191989630460739,0.1700715720653534,0.0896454378962516,0.1348079293966293,-0.0244506262242794,-0.0067370636388659,-0.0137929543852806,0.1042643412947654,-0.3491257131099701,-0.2799469828605652,-0.3248231709003448,-0.2450318038463592,-0.0342106372117996,-0.2285045236349105,-0.0986645817756652,-0.1665952354669571,-0.1752075254917144,-0.0816537737846374,-0.1410684436559677,0.1452165395021438,0.142859011888504,0.120453767478466,0.116708755493164,0.1383807361125946,0.1354073733091354,0.0125395786017179
7,2.021992444992065,-0.0319493189454078,2.0252907276153564,2.0244760513305664,-0.0201962776482105,-0.0521833971142768,-0.0070944651961326,-0.0182730685919523,0.0186161138117313,11.0,7.0,76.0,-0.0576235242187976,-0.0400955565273761,-0.0607264675199985,-0.709937334060669,-0.5784627199172974,-0.6867398023605347,0.021216170862317,-0.0140200061723589,0.4953232407569885,-0.0353418476879596,1.7568820714950562,1.2739468812942505,0.7250487804412842,-0.0887361392378807,-0.1594032496213913,0.3443128764629364,0.3331963717937469,-0.6615089774131775,-0.7270780801773071,-0.032959945499897,1.4829822778701782,-0.0286056362092494,1.564639925956726,1.5555758476257324,-0.0164731312543153,0.0296723116189241,0.0381452962756156,0.0986356735229492,0.100282996892929,0.1508576720952987,-0.1803317815065384,-0.1896461248397827,-0.2234866023063659,0.021231036633253,-0.1325235217809677,-0.0531361736357212,-0.007590820081532,-0.0205194484442472,-0.0726383402943611,-0.1480318903923034,-0.1114731132984161,0.0172265470027923,-0.0425018034875392,0.0613091066479682,-0.0527960695326328,-0.0236765034496784,-0.0725215896964073,-0.0069643249735236,-0.0224177129566669,0.1042643412947654,-0.412381500005722,-0.3362770080566406,-0.3913058936595917,-0.0216005630791187,-0.0664772018790245,-0.0797241479158401,-0.0430361367762088,-0.071066677570343,-0.0792502015829086,-0.0437204986810684,-0.0748391672968864,0.4380324482917785,0.4187642335891723,0.420031189918518,0.40375417470932,0.4216330051422119,0.4045890271663666,0.0176451578736305
8,2.0197582244873047,-0.0310190506279468,2.026397466659546,2.0236852169036865,-0.0197226963937282,-0.0508922114968299,-0.0090440809726715,-0.0198085494339466,0.0305857434868812,15.0,1.0,62.0,-0.2000126242637634,-0.1040168702602386,-0.1630994230508804,-0.7519699931144714,-0.6189239621162415,-0.7306001782417297,0.0613735727965831,-0.0201056078076362,0.7218605279922485,0.0217590164393186,0.6515321731567383,0.5368186235427856,1.5334367752075195,1.0212819576263428,0.4156241416931152,-0.436078131198883,-0.7703401446342468,-0.611544132232666,-0.7533560395240784,0.0191551707684993,1.41045343875885,-0.1202594339847564,1.508930802345276,1.5003044605255127,-0.0204427260905504,0.0514589548110961,-0.0093177137896418,-0.067793883383274,0.0210845489054918,-0.0053894463926553,0.0425640679895877,-0.1110327094793319,-0.0714149549603462,-0.1535072177648544,0.1701318472623825,-0.0139151699841022,-0.0023514304775744,-0.0004905353998765,-0.3142462372779846,-0.3325396776199341,-0.4058109819889068,0.3830909132957458,0.1605155318975448,0.3759618103504181,-0.3049436509609222,0.4095809459686279,-0.0031145536340773,-0.0016699658008292,0.0008960590930655,0.1042643412947654,-0.4215605556964874,-0.3463812172412872,-0.4012512266635895,-0.0395104922354221,-0.1125096380710601,-0.2036013901233673,-0.0915239080786705,-0.1575424969196319,-0.2140163630247116,-0.09583530575037,-0.1703061312437057,-0.0521274283528327,-0.0573219545185565,-0.0061847055330872,-0.0127725852653384,-0.0240254066884517,-0.0305562764406204,-0.0115078762173652
9,1.9942967891693115,-0.0347487702965736,2.001726627349853,1.9947199821472168,-0.0203870851546525,-0.057315856218338,-0.0105618350207805,-0.0232002194970846,0.0243049468845129,11.0,7.0,76.0,0.0510938912630081,0.0135446339845657,0.0195745080709457,-0.6455101370811462,-0.5231404304504395,-0.6211691498756409,-0.1393528580665588,0.1505650281906128,-0.2639067769050598,-0.3023864924907684,-0.4303103983402252,0.0719025135040283,0.454203337430954,-0.3874690234661102,3.220978260040283,0.8382726311683655,-0.3881560564041137,-0.5771124958992004,-0.6568685173988342,-0.2790136933326721,1.4466947317123413,0.0323340781033039,1.518520474433899,1.512932538986206,0.0059300605207681,-0.1339248269796371,-0.1431817859411239,0.0177172515541315,0.017672948539257,0.0446180664002895,0.0739185810089111,-0.0354434810578823,-0.0352278836071491,0.1731817871332168,0.3107687830924988,0.0406429730355739,0.0006241973605938,0.0140774408355355,-0.2063075602054596,-0.2587575316429138,-0.2863580882549286,0.3488732278347015,0.0655647069215774,0.260654479265213,0.0850722342729568,0.5199146270751953,0.0348549708724021,0.0009373676148243,0.0155072659254074,0.1187515929341316,-0.3520340025424957,-0.287125825881958,-0.333261489868164,-0.1442417055368423,0.1557618528604507,0.0089717814698815,-0.0037280786782503,-0.0070901596918702,0.1047367677092552,0.029288150370121,0.0562915690243244,-0.2178750783205032,-0.2019493132829666,-0.1444608569145202,-0.1324393004179,-0.1708615720272064,-0.1573050618171692,-0.0345327779650688
10,2.022535562515259,-0.0314765609800815,2.0278568267822266,2.024465322494507,-0.0198089852929115,-0.0580409504473209,-0.0094511862844228,-0.0214520618319511,0.0229465439915657,42.0,5.0,150.0,-0.1345386952161789,-0.0750568658113479,-0.1144067347049713,-0.6255446076393127,-0.5024620890617371,-0.6018295288085938,-0.1049932539463043,0.1199061721563339,0.4015815854072571,-0.1921316683292389,0.8970816135406494,0.9986265897750854,0.1100720390677452,-0.8497592806816101,1.2515063285827637,0.8417941331863403,-0.0891514047980308,-0.6107852458953857,-0.6181060671806335,-0.2003330141305923,1.493341088294983,0.0015141053590923,1.5683066844940186,1.5615479946136477,0.000710325257387,-0.0424533896148204,-0.0488317422568798,0.0880962684750557,0.0654195472598075,0.1159322708845138,-0.2018479257822036,-0.171207994222641,-0.2194681912660598,-0.0229542274028062,-0.1020183339715004,-0.0526299364864826,-0.0080487867817282,-0.0226647835224866,-0.0516207739710807,-0.1053264513611793,-0.0951614379882812,-0.0114460922777652,-0.0522252917289733,0.0305560734122991,-0.0998237356543541,0.0239073801785707,-0.0846950635313987,-0.0094703482463955,-0.0258912201970815,0.1042643412947654,-0.417247474193573,-0.3453773260116577,-0.3994902670383453,-0.1490851193666458,-0.0152576323598623,-0.1424965560436248,-0.0674467384815216,-0.1130562126636505,-0.1386089473962783,-0.0676439180970192,-0.1173097118735313,-0.2491583675146103,-0.2421902865171432,-0.1707668155431747,-0.1658319979906082,-0.1977705806493759,-0.1921747922897339,0.0294880587607622
11,2.024200439453125,-0.0329900160431861,2.0257930755615234,2.022773504257202,-0.0155585901811718,-0.0667880922555923,-0.0099978363141417,-0.0228105802088975,0.0430955030024051,46.0,3.0,261.0,-0.1264690160751342,-0.0699850767850875,-0.1073175892233848,-0.7440305352210999,-0.6096954345703125,-0.7196155786514282,0.0739966407418251,0.0594807006418705,-0.4358167946338653,-0.2153878659009933,0.4539493918418884,0.372707188129425,-0.4653891026973724,-1.1852086782455444,0.028461230918765,0.1708024591207504,0.0973955392837524,-0.7707482576370239,-0.7423323392868042,-0.2123588919639587,1.4741222858428955,0.0360391288995742,1.5530970096588137,1.5447381734848022,-0.000252203841228,0.0702670216560363,0.0255755316466093,-0.0197619013488292,0.0411138273775577,0.0451699644327163,-0.0236770436167716,-0.1174344792962074,-0.1188346594572067,-0.1327269226312637,0.1486605405807495,-0.0040580770000815,-0.0052959080785512,-0.0065974444150924,-0.2480354309082031,-0.2330992966890335,-0.294316679239273,0.2807529866695404,0.0615750439465045,0.2512962222099304,-0.2630946338176727,0.3915054500102997,-0.0199893712997436,-0.0084866927936673,-0.0117443660274147,0.1042643412947654,-0.4067087471485138,-0.3417843878269195,-0.3942556083202362,0.0273481998592615,-0.0767869129776954,-0.1517750769853592,-0.0681507140398025,-0.1153864338994026,-0.0980613008141517,-0.050323199480772,-0.0863698571920394,0.0252047684043645,0.0259810052812099,0.0405968055129051,0.0374736450612545,0.0335413813591003,0.0285668484866619,-0.0099926581606268
12,2.019955635070801,-0.0318094417452812,2.024172306060791,2.022460699081421,-0.0199616588652133,-0.0476498194038867,-0.0075818593613803,-0.0177690535783767,0.0084337126463651,70.0,7.0,410.0,-0.1166188865900039,-0.0608991645276546,-0.0986289009451866,-0.5111522674560547,-0.4014397859573364,-0.4895859062671661,-0.0394108816981315,-0.0591701455414295,-0.3030656278133392,0.2586768269538879,0.7105706334114075,1.4292744398117063,1.0076810121536257,0.4040660560131073,0.4929514527320862,-0.9741300344467164,-1.2246403694152832,-0.2767516076564789,-0.4843136370182037,0.2523745894432068,1.4817439317703247,-0.0236315615475177,1.5704723596572876,1.561439037322998,-0.0166638568043708,0.1493708044290542,0.0703712627291679,0.0687269046902656,0.1148889139294624,0.1419228613376617,-0.1207169219851493,-0.1656324565410614,-0.2185728102922439,-0.035181887447834,-0.0337996669113636,-0.0447098687291145,-0.013806196860969,-0.0334856510162353,-0.1432835906744003,-0.0709937289357185,-0.2068106234073639,0.1687649935483932,-0.0469895377755165,0.1457125842571258,-0.1210289448499679,0.119517758488655,-0.0638105720281601,-0.0187673326581716,-0.0397066473960876,0.1042643412947654,-0.3607659041881561,-0.2765234410762787,-0.3269264996051788,0.0199186876416206,-0.1703259646892547,-0.109634481370449,-0.0493023097515106,-0.085398681461811,-0.1381293386220932,-0.0626486539840698,-0.113876849412918,-0.3368644714355469,-0.3425938785076141,-0.248615100979805,-0.2542232871055603,-0.2796069681644439,-0.2846145927906036,0.0280273873358964
13,2.019578695297241,-0.0295129045844078,2.0270235538482666,2.024261236190796,-0.0181968305259943,-0.0552566871047019,-0.0086845904588699,-0.0215268265455961,0.0371231585741043,50.0,1.0,522.0,-0.0526052378118038,-0.0450646579265594,-0.0651747733354568,-0.5795177221298218,-0.5171977281570435,-0.6046402454376221,0.0280547123402357,-0.2002906948328018,0.5118535161018372,0.001529382658191,0.1892057359218597,0.3954977095127105,0.933796763420105,0.3929242491722107,2.98511266708374,-0.8110186457633972,-1.5676982402801514,-0.562488317489624,-0.6862501502037048,0.0052173314616084,1.328153371810913,-0.044546939432621,1.402176022529602,1.3933017253875732,-0.0193106494843959,0.1108136773109436,0.0225907377898693,0.0508223064243793,0.0458336286246776,0.0851759538054466,-0.0776157453656196,-0.139358252286911,-0.1535356640815735,-0.032953318208456,0.0375844091176986,-0.033730961382389,-0.0096373287960886,-0.0209305714815855,-0.1115466281771659,-0.2286160886287689,-0.2099390774965286,0.1466495245695114,0.0501633808016777,0.1649176478385925,-0.1271911561489105,0.1326608508825302,-0.0488195084035396,-0.0168938226997852,-0.0226466469466686,0.1042643412947654,-0.4082029163837433,-0.3339081704616546,-0.3879446685314178,-0.0812357515096664,-0.1942463219165802,-0.0693711936473846,-0.0415771082043647,-0.068288616836071,-0.0594876073300838,-0.0436300002038478,-0.0707304999232292,-0.2568719387054443,-0.2583179771900177,-0.1822769343852996,-0.1842422187328338,-0.2065314203500747,-0.2082485854625702,0.0085773579776287
14,2.0232298374176025,-0.0290051903575658,2.0260818004608154,2.026563167572021,-0.0199688337743282,-0.0594464428722858,-0.0090495310723781,-0.0218516308814287,0.0405348278582096,44.0,3.0,16.0,-0.1517568230628967,-0.0847727134823799,-0.1296935379505157,-0.6199051737785339,-0.5008854866027832,-0.5959465503692627,-0.3248325884342193,0.0506293959915638,-0.1172505319118499,-0.2430880218744278,-0.5653819441795349,-0.1855688095092773,0.1996277272701263,-0.9263765811920166,-0.626130998134613,-0.3566094636917114,-0.4255994260311126,-0.5775052905082703,-0.6573970317840576,-0.2355759590864181,1.4432733058929443,-0.0364648923277854,1.5326353311538696,1.5222386121749878,-0.0140049364417791,-0.0524646751582622,-0.0688757225871086,0.0215077623724937,-0.0117712812498211,0.0328013934195041,-0.0680597200989723,-0.0936940088868141,-0.1165838167071342,0.1536422967910766,0.030323851853609,-0.0092933615669608,-0.0029952137265354,-0.0060341097414493,-0.1558087021112442,-0.2334224283695221,-0.2421383410692215,0.1993249505758285,0.1112458035349845,0.2115023881196975,0.084295205771923,0.2755399942398071,-0.0032686267513781,-0.0010456591844558,-0.0036246932577341,0.1042643412947654,-0.3763796985149383,-0.311390608549118,-0.3592147529125213,-0.3526568114757538,-0.0944150686264038,-0.177409365773201,-0.0824510604143142,-0.1378955543041229,-0.1328290849924087,-0.0686769783496856,-0.1175548434257507,-0.0905587449669838,-0.0833408683538436,-0.055034689605236,-0.0487462729215621,-0.0607497468590736,-0.0539506264030933,-0.0046514635905623
15,2.0192739963531494,-0.0336077883839607,2.025707721710205,2.023545503616333,-0.0206410381942987,-0.0626059100031852,-0.0088296057656407,-0.022621214389801,0.0538179129362106,9.0,3.0,25.0,-0.1126635372638702,-0.0655998289585113,-0.1009098887443542,-0.7908474802970886,-0.652947187423706,-0.7637315988540649,-0.2657529413700104,0.0851925835013389,-0.1691067069768905,-0.1670027077198028,-0.1089941710233688,-0.3014725744724273,0.5759985446929932,-0.1495931446552276,-0.9816107749938964,-0.3324221670627594,-0.2239357978105545,-0.7730799913406372,-0.8044139742851257,-0.1904361844062805,1.4728991985321045,-0.0065143317915499,1.550948143005371,1.541732668876648,-0.0042946357280015,-0.0637420341372489,-0.0738907232880592,-0.1236326321959495,-0.0264201983809471,-0.0489877089858055,0.0639599338173866,-0.0738467946648597,-0.0410542674362659,-0.1545929312705993,0.1875889599323272,-0.0072614755481481,-0.0030348233412951,-0.0037794089876115,-0.3545244336128235,-0.3760456144809723,-0.4201137125492096,0.376067191362381,0.2182566374540329,0.3898242115974426,-0.280717521905899,0.3981048464775085,-0.0279702525585889,-0.0010099712526425,-0.0038725358899682,0.1042643412947654,-0.4051209688186645,-0.3397693932056427,-0.3901686072349548,-0.1834501028060913,-0.1126832216978073,-0.1295569390058517,-0.0629762187600135,-0.1047926023602485,-0.0876312181353569,-0.0488239265978336,-0.08316570520401,-0.1793685108423233,-0.1717082262039184,-0.1300847679376602,-0.1260169297456741,-0.1426633894443512,-0.136397898197174,0.0031376387923955
16,2.023782968521118,-0.0322999879717826,2.026551485061645,2.0250985622406006,-0.0223964788019657,-0.0512210093438625,-0.0068931635469198,-0.0196462515741586,0.0217851363122463,11.0,7.0,76.0,-0.0504866726696491,-0.0351734049618244,-0.054584577679634,-0.686587393283844,-0.5563452243804932,-0.6621298789978027,0.0671370029449462,-0.1485989093780517,1.2567085027694702,-0.0557085610926151,1.9299185276031492,1.4074044227600098,1.045775055885315,0.4353018999099731,-0.4727098047733307,0.7358093857765198,0.9182491302490234,-0.5430801510810852,-0.6714800000190735,-0.0566063560545444,1.4611985683441162,-0.0589348375797271,1.5495855808258057,1.5442038774490356,-0.0297971162945032,0.0713629201054573,0.1120106726884841,0.1011312454938888,0.0893072560429573,0.1289265751838684,-0.106106549501419,-0.1751497089862823,-0.1829476505517959,0.0119213499128818,-0.0521257407963275,-0.0378489643335342,-0.00516187120229,-0.0143626146018505,-0.0715865939855575,-0.1669696122407913,-0.143071636557579,0.1221672594547271,-0.0121290814131498,0.1185232698917388,-0.0910013318061828,0.0878905057907104,-0.0406507104635238,-0.0048359129577875,-0.011065462604165,0.1042643412947654,-0.4219755828380584,-0.3501186370849609,-0.4060820639133453,-0.0391031242907047,-0.1924029290676117,-0.0503477305173873,-0.0314656421542167,-0.0508696176111698,-0.0620146133005619,-0.0351819805800914,-0.0614687092602252,-0.2659749090671539,-0.2768320143222809,-0.1839178055524826,-0.1939052790403366,-0.2134159356355667,-0.2224882543087005,-0.0047115590423345
17,2.0222482681274414,-0.0283148232847452,2.0273654460906982,2.025335788726806,-0.0211159158498048,-0.0621291287243366,-0.0080217877402901,-0.0227719340473413,0.0483374930918216,64.0,6.0,376.0,-0.1933030486106872,-0.1001969948410987,-0.1599467992782592,-0.7297933101654053,-0.5935843586921692,-0.7045535445213318,-0.1323550045490265,-0.0542503409087657,0.0178802963346242,-0.1923703700304031,1.5930018424987793,1.4733703136444092,0.1386132836341858,-0.8517311215400696,0.3183871209621429,1.1066559553146362,1.2231711149215698,-0.6631163954734802,-0.6994780898094177,-0.197891816496849,1.425758719444275,-0.1180624589323997,1.520963430404663,1.5155152082443235,-0.0283780805766582,0.0822447165846824,0.0182346664369106,-0.0613779686391353,0.0218986812978982,0.0161370672285556,-0.0222890973091125,-0.135377287864685,-0.1234424263238906,-0.1364094763994217,0.0913290530443191,-0.038882628083229,-0.006897740997374,-0.0145178576931357,-0.290451169013977,-0.1843893826007843,-0.3080348670482635,0.2813543677330017,0.0553752928972244,0.2610564827919006,-0.2553663551807403,0.2996371984481811,-0.0272440798580646,-0.0057121622376143,-0.0098214130848646,0.1042643412947654,-0.4193243384361267,-0.349998265504837,-0.4023941159248352,-0.1940693855285644,-0.1866415441036224,-0.1678069680929184,-0.0783320739865303,-0.1338477879762649,-0.235635831952095,-0.1022425815463066,-0.1858880817890167,-0.2941546738147735,-0.2915102541446686,-0.2118583917617797,-0.2111581414937973,-0.2401744127273559,-0.2384593784809112,-0.0108227375894784
18,2.051064729690552,-0.0343105308711528,2.056185722351074,2.051101922988892,-0.0174719747155904,-0.0452110916376113,-0.0068348236382007,-0.0174697637557983,0.0136124370619654,15.0,1.0,66.0,0.1025319695472717,0.0222206283360719,0.0440239943563938,-0.7428171634674072,-0.6105502843856812,-0.7203788161277771,-0.1952931731939315,0.0620926395058631,0.0781895071268081,-0.1282892823219299,-0.0539959706366062,-0.0247154384851455,1.3640458583831787,0.8357430696487427,0.1717225611209869,-0.5701982378959656,-0.8525267839431763,-0.540834367275238,-0.7430055737495422,-0.1296605467796325,1.1027567386627195,0.0296406988054513,1.1601920127868652,1.1573797464370728,-9.192754805553705e-05,-0.0809246450662612,-0.0954037681221962,0.1015928834676742,0.070720687508583,0.1177241876721382,-0.0423687621951103,-0.1349783539772033,-0.1494390070438385,0.2121187895536422,0.1113403439521789,0.0433725006878376,0.0021547412034124,0.0155413514003157,-0.1371706873178482,-0.2488231062889099,-0.2485525459051132,0.3140355050563812,0.0712149143218994,0.2630386054515838,0.1025853380560875,0.3242256343364715,0.0287912562489509,0.0040842154994606,0.01975111477077,0.1030554771423339,-0.4000520706176758,-0.328494131565094,-0.3799276947975158,-0.2149263620376587,0.0138296503573656,0.0546459257602691,0.0019562733359634,0.0113755352795124,0.1667709648609161,0.0423946231603622,0.0862540453672409,-0.635938286781311,-0.6214236617088318,-0.5060932040214539,-0.4958561360836029,-0.5513599514961243,-0.5380997061729431,-0.0300357360392808
19,2.022778034210205,-0.0329177230596542,2.024763584136963,2.02518081665039,-0.0172666348516941,-0.0597112439572811,-0.0097931278869509,-0.0226488206535577,0.0339479856193065,4.0,3.0,11.0,-0.1686023324728012,-0.0824040994048118,-0.1359114795923233,-0.7171319723129272,-0.5836820006370544,-0.6932277679443359,-0.0129975164309144,-0.0117629254236817,0.2186278402805328,-0.0765077844262123,2.273252010345459,1.7615435123443604,0.3716248869895935,-0.4509858191013336,0.506727933883667,1.7727502584457395,1.6008764505386353,-0.6752281188964844,-0.7250909209251404,-0.0739002749323844,1.479631423950195,-0.0344816371798515,1.557916522026062,1.5484116077423096,-0.0125729339197278,0.0371416583657264,0.0309125632047653,-0.0663447752594947,0.0394470766186714,0.0043394835665822,0.0260368958115577,-0.1408954560756683,-0.0902974307537078,-0.1005979254841804,0.1358969062566757,-0.0193526409566402,-0.0042511275969445,-0.009711230173707,-0.272465169429779,-0.2151847779750824,-0.3235795497894287,0.3060665726661682,0.0369464308023452,0.2882176637649536,-0.2193902283906936,0.2999550998210907,-0.0258488766849041,-0.0067976573482155,-0.0100633697584271,0.1042643412947654,-0.4382414221763611,-0.3694640398025512,-0.4245621562004089,-0.1559182405471801,-0.0582746043801307,-0.1620009243488311,-0.0709665045142173,-0.1245644763112068,-0.1890688836574554,-0.0809072628617286,-0.1480742543935775,0.5590402483940125,0.5418381094932556,0.5300585627555847,0.5166903138160706,0.5398845076560974,0.5253458619117737,-0.0081855840981006
20,2.0250720977783203,-0.0319021791219711,2.0255579948425293,2.024524688720703,-0.0207145307213068,-0.0503515899181366,-0.0079892072826623,-0.0199759807437658,0.0230565518140792,30.0,10.0,50.0,-0.0506485663354396,-0.0434041805565357,-0.0589640624821186,-0.686599612236023,-0.6185722351074219,-0.710404098033905,0.0865554213523864,-0.04165630787611,-0.3516920804977417,-0.179355040192604,-0.8396418690681458,-0.9202542901039124,1.844671607017517,1.2635722160339355,1.1920909881591797,-1.404718279838562,-1.86109459400177,-0.6970122456550598,-0.8673006892204285,-0.1617693305015564,1.3263543844223022,0.0532606244087219,1.3745492696762085,1.3705898523330688,-0.01079713832587,-0.0364418663084507,-0.1064101979136467,-0.0946949645876884,-0.0195564106106758,-0.0328533500432968,-0.0096559431403875,-0.0669122487306594,-0.0536485165357589,-0.167299598455429,0.0094082150608301,0.0158186703920364,-0.0003937604196835,0.0021441155113279,-0.3284294307231903,-0.4094822108745575,-0.4209206998348236,0.3178676664829254,0.2431362271308899,0.3767788112163543,-0.3075856566429138,0.2331430912017822,-0.025736765936017,-0.0023677279241383,0.0007559508667327,0.1042643412947654,-0.3973685503005981,-0.3369744122028351,-0.3867970407009125,-0.0201111380010843,-0.0713977217674255,-0.1039590239524841,-0.0555224791169166,-0.0920445993542671,-0.0264515224844217,-0.0299208462238311,-0.0433976761996746,0.2908431887626648,0.2953414022922516,0.2704383432865143,0.2762030959129333,0.2848506271839142,0.2894479632377624,0.004434707108885
21,2.019559621810913,-0.0319633930921554,2.0269980430603027,2.025024652481079,-0.0219018664211034,-0.0520925782620906,-0.0065685459412634,-0.0199733469635248,0.036962617188692,34.0,4.0,214.0,-0.1292614638805389,-0.070736326277256,-0.1080516129732132,-0.6471551060676575,-0.524708092212677,-0.6227433681488037,-0.4367316663265228,0.1562749743461609,-0.7030893564224243,-0.0980049669742584,-0.6295464634895325,-0.2705169916152954,1.1126127243041992,0.5241615176200867,-0.7991355061531067,-1.4559131860733032,-1.0778037309646606,-0.531809389591217,-0.6418732404708862,-0.1012373194098472,1.4305534362792969,0.0467611774802207,1.523468255996704,1.5108094215393066,-0.0026159512344747,-0.1924982666969299,-0.1091631725430488,-0.079939030110836,-0.002048498019576,-0.0109283700585365,0.0636226534843444,-0.032079629600048,-0.0271870363503694,0.0689315646886825,0.1674832254648208,0.0121078575029969,0.0011225484777241,0.008302167057991,-0.275767982006073,-0.2656663060188293,-0.3233964145183563,0.2846808731555938,0.1260804682970047,0.2824485003948211,0.0330003947019577,0.3084669411182403,0.0150244450196623,0.0014079577522352,0.0111055690795183,0.1042643412947654,-0.3734645843505859,-0.2998836934566498,-0.3462343215942383,-0.4596025049686432,0.0850321128964424,-0.169227123260498,-0.0744697451591491,-0.1277859508991241,-0.0974282473325729,-0.0520870015025138,-0.0840860530734062,-0.1372362673282623,-0.1236640363931655,-0.1039202585816383,-0.0930574983358383,-0.1097047179937362,-0.0979070886969566,0.0002736637543421
22,2.023031949996948,-0.0312627032399177,2.027620553970337,2.0238287448883057,-0.0209879577159881,-0.0656385421752929,-0.0106377629563212,-0.0245548095554113,0.0533100739121437,30.0,10.0,13.0,-0.1276156455278396,-0.0764551982283592,-0.1162741631269455,-0.5471904873847961,-0.4683621227741241,-0.5527547597885132,-0.12757508456707,-0.0204337611794471,-0.3290064632892608,-0.2316498160362243,-0.7284155488014221,-0.2783409357070923,0.4942544400691986,-0.3947146534919739,0.3479827344417572,-0.6918343305587769,-0.9493278861045836,-0.5449317693710327,-0.6314400434494019,-0.2414778172969818,1.4789372682571411,0.0142704267054796,1.5496580600738523,1.5444093942642212,0.0006598556065,0.0647883117198944,0.0419425591826438,-0.0488228574395179,-0.042053110897541,-0.0278640128672122,-0.0079257600009441,-0.0482615269720554,-0.0565223097801208,-0.0572879575192928,0.0262648090720176,-0.0336682610213756,-0.0044949017465114,-0.0174046028405427,-0.1857272386550903,-0.2734467685222626,-0.2792426347732544,0.1840098947286605,0.0817789062857627,0.1965185701847076,-0.1177803501486778,0.1454716622829437,-0.0573370158672332,-0.0088463127613067,-0.0205405559390783,0.1042643412947654,-0.3731740415096283,-0.3015304803848266,-0.3486058712005615,-0.1372240483760833,-0.0746041014790535,-0.1941270381212234,-0.0882106721401214,-0.1504589617252349,-0.0773497596383094,-0.0496337749063968,-0.0797796249389648,-0.1583856642246246,-0.1600470840930938,-0.1016420871019363,-0.1042587012052536,-0.1167575940489769,-0.1192428022623062,0.0130824847146868
23,2.024070978164673,-0.033552348613739,2.024690866470337,2.023796558380127,-0.0179344955831766,-0.0595471747219562,-0.0088606653735041,-0.0221836045384407,0.0382773168385028,34.0,4.0,214.0,-0.1731961965560913,-0.0895854830741882,-0.1395425498485565,-0.6292959451675415,-0.5053759813308716,-0.6065609455108643,-0.2655943036079407,-0.1712588518857956,-0.2061386555433273,-0.2815260589122772,0.1915479898452758,0.3367080688476562,0.2707732617855072,-0.6928002238273621,1.7800581455230713,1.2231347560882568,0.4872002899646759,-0.6058613061904907,-0.6145498752593994,-0.26627117395401,1.1142369508743286,0.0228088553994894,1.182340145111084,1.1733249425888062,-0.0113309416919946,0.0782556012272834,0.0868629813194274,0.0642893388867378,0.0393456481397151,0.105132944881916,-0.1694754809141159,-0.1334802955389022,-0.2035239338874817,-0.0261535588651895,-0.1955364048480987,-0.055879883468151,-0.00883483979851,-0.0302943456918001,-0.0780890956521034,-0.1543455123901367,-0.1311943978071212,0.0306857340037822,0.0022889855317771,0.0793922394514083,-0.0693950280547142,-0.0776076167821884,-0.0961282029747963,-0.0094961235299706,-0.0320556052029132,0.1042643412947654,-0.3879038691520691,-0.3152839243412018,-0.3647673726081848,-0.2155391275882721,-0.2596858441829681,-0.1821187138557434,-0.0814391449093818,-0.1371473968029022,-0.1648190766572952,-0.0758582204580307,-0.1322388797998428,-0.1840525418519973,-0.1899987161159515,-0.1185225993394851,-0.1244902685284614,-0.1412449479103088,-0.1469979286193847,0.0367532111704349
24,2.02036190032959,-0.031767088919878,2.029191255569458,2.0245532989501958,-0.01870097219944,-0.0603038296103477,-0.0099939284846186,-0.0202834587544202,0.0491663143038749,14.0,10.0,40.0,-0.0675996467471122,-0.0411657802760601,-0.062834583222866,-0.5608631372451782,-0.5074074864387512,-0.5903127193450928,-0.1494907736778259,0.0794325694441795,0.3911383152008056,-0.1691811382770538,-0.4009632468223572,-0.202452540397644,1.2418156862258911,0.6539023518562317,-0.9162737727165222,-0.8577029705047607,-0.5826370120048523,-0.552406907081604,-0.7075663805007935,-0.168990358710289,0.7570955157279968,0.05167843028903,0.7793469429016113,0.7728863954544067,-0.0113816941156983,-0.0974156931042671,-0.0762330964207649,0.0878244414925575,0.0421054400503635,0.1118585765361785,-0.1212823539972305,-0.1410920917987823,-0.1775553822517395,0.1437603235244751,0.0008513175998814,0.0093291644006967,-0.0049486360512673,4.822309347218834e-05,-0.0996904745697975,-0.242127388715744,-0.2013068348169326,0.1476012766361236,0.0774912014603614,0.1653278470039367,0.0766462758183479,0.2166774421930313,-0.0122825996950268,-0.000564576301258,0.002624177839607,0.1042643412947654,-0.4046330749988556,-0.3326992392539978,-0.3847556114196777,-0.1290887892246246,0.0182266905903816,-0.1516219824552536,-0.067317321896553,-0.1178646087646484,-0.0449539646506309,-0.0295321885496377,-0.0500840432941913,-0.0242546871304512,-0.0150414370000362,-0.0021832338534295,0.0054049030877649,-0.0034586186520755,0.0026910749729722,-0.002076604636386
25,2.0229313373565674,-0.0296201091259717,2.025934219360352,2.02419376373291,-0.0193114429712295,-0.0594411082565784,-0.0081732980906963,-0.0220781601965427,0.0381407588720321,57.0,1.0,230.0,-0.146947830915451,-0.0797620862722396,-0.1254874616861343,-0.6548254489898682,-0.5291710495948792,-0.6328043341636658,0.0671432241797447,0.0500699169933795,0.3772667050361633,0.0480155125260353,0.4252776205539703,0.43544402718544,0.5758592486381531,-0.1573264151811599,-0.6586597561836243,-0.6554037928581238,-0.6007681488990784,-0.5567010045051575,-0.653352677822113,0.0427789539098739,1.4265100955963137,0.0072158798575401,1.50820791721344,1.5015177726745603,-0.007799373473972,-0.0668326020240783,-0.0851029753684997,0.1336226314306259,0.0629658922553062,0.1266554743051529,-0.1225539967417717,-0.1848480254411697,-0.1984833329916,0.1203742027282714,0.0916987285017967,0.0329687036573886,0.0018046607729047,0.0154325403273105,-0.061307530850172,-0.1529784500598907,-0.1478058844804763,0.1510518193244934,0.0033192355185747,0.1346799731254577,-0.0151602625846862,0.284720629453659,0.0371064580976963,0.0015130349202081,0.0152792679145932,0.1042643412947654,-0.3993830978870392,-0.3233640789985657,-0.3769985735416412,-0.0604532100260257,-0.0013233778299763,-0.1535176485776901,-0.0707439482212066,-0.1217359974980354,-0.1470028609037399,-0.0685443580150604,-0.1215759888291359,-0.1041319593787193,-0.1012870445847511,-0.0514359585940837,-0.0498739704489707,-0.0733884945511818,-0.0687366798520088,-0.0288918819278478
26,2.021134853363037,-0.030602890998125,2.027282953262329,2.024833917617798,-0.018803097307682,-0.060240052640438,-0.009681093506515,-0.0234516877681016,0.0453618690371513,26.0,12.0,158.0,-0.1766422986984253,-0.0953213199973106,-0.1482729166746139,-0.7863866686820984,-0.6500568985939026,-0.7611703276634216,-0.2126526236534118,-0.0916849449276924,-0.622973620891571,-0.1188581138849258,-0.5907841920852661,-0.4416670203208923,0.5181120038032532,-0.293962687253952,-1.2149385213851929,-1.2225799560546875,-0.70741868019104,-0.7450813055038452,-0.767946720123291,-0.1230043917894363,1.4741703271865845,0.0584849007427692,1.5502334833145142,1.540632963180542,-0.0004521810915321,-0.01110406126827,-0.019855922088027,-0.1361913383007049,-0.0365209728479385,-0.0531945116817951,0.0452107526361942,-0.0714494884014129,-0.0449369959533214,-0.0581744201481342,0.1370051354169845,-0.0078019127249717,-0.0072242431342601,-0.012317132204771,-0.3598092198371887,-0.3206397593021393,-0.3963201344013214,0.3337945640087127,0.1684340834617614,0.3500186502933502,-0.1215609237551689,0.3122067153453827,-0.0332565084099769,-0.006115079857409,-0.0154919177293777,0.1042643412947654,-0.3917160034179687,-0.3285321593284607,-0.3764852881431579,-0.2162558734416961,-0.2293101102113723,-0.1848609745502472,-0.0839394405484199,-0.1420993208885193,-0.1550316363573074,-0.0777437388896942,-0.1345043331384658,0.0503205843269825,0.0406573638319969,0.0717893615365028,0.0657718405127525,0.0645769909024238,0.0567621700465679,0.0065892445854842
27,2.0499918460845947,-0.0190417543053627,2.0514936447143555,2.050131797790528,-0.017041128128767,-0.0555044896900653,-0.0085264267399907,-0.0213286001235246,0.042646013200283,82.0,3.0,539.0,0.0760059207677841,0.0130072766914963,0.0268383491784334,-0.8487187027931213,-0.7045326232910156,-0.8221186399459839,-0.0652787014842033,0.0595206730067729,-0.2382996976375579,-0.1347196400165558,0.9115850329399108,0.1549219191074371,1.9195895195007324,1.2546395063400269,-0.936206877231598,0.0672498270869255,0.649237871170044,-0.7499312162399292,-0.8517224192619324,-0.1299223750829696,1.1273198127746582,-0.0407369583845138,1.2046852111816406,1.1959471702575684,-0.0268568899482488,-0.0126066459342837,-0.0206102598458528,-0.0360756665468215,0.0284177921712398,0.0187627598643302,0.0746528953313827,-0.13601715862751,-0.078669935464859,0.0703046694397926,0.2336616963148117,0.007272976450622,-0.0012646380346268,-0.0011531471973285,-0.2800301015377044,-0.3759712278842926,-0.4069704413414001,0.4696512818336487,0.1782519519329071,0.4042515158653259,-0.0216795578598976,0.4853626787662506,-0.0018839880358427,0.0004200239200145,0.0011065774597227,0.1195918470621109,-0.4303653240203857,-0.3593551218509674,-0.4133158326148987,-0.1247323006391525,-0.0349343083798885,0.0246759131550788,-0.0062925983220338,-0.0056416126899421,0.1349956691265106,0.032995980232954,0.06635532528162,-0.0564672127366066,-0.0556400083005428,-0.0181214194744825,-0.0196485556662082,-0.0360173545777797,-0.0375439748167991,-0.0081172697246074
28,2.0206425189971924,-0.030165672302246,2.02792763710022,2.023216962814331,-0.0191503688693046,-0.0586799904704093,-0.0079225469380617,-0.0218982994556427,0.036709226667881,9.0,3.0,25.0,-0.10953950881958,-0.0707579851150512,-0.1043208166956901,-0.7001703977584839,-0.5726341605186462,-0.6761777997016907,-0.057049311697483,0.137611836194992,-0.6067934632301331,-0.2423357367515564,-0.0781928151845932,0.0478492267429828,0.3228162825107574,-0.6657329797744751,-1.2858967781066897,-0.0790026932954788,1.0193994045257568,-0.7162811160087585,-0.717852771282196,-0.2429655194282531,1.3586455583572388,0.0333036743104457,1.4395511150360107,1.431930422782898,0.0049062785692512,-0.0100315520539879,-0.0240914560854434,-0.0990726798772811,-0.0485475286841392,-0.0408507548272609,0.0473115742206573,-0.0424283035099506,-0.0282097961753606,-0.1638016402721405,0.2119467854499817,0.0068847308866679,-0.0014290357939898,-0.0028944720979779,-0.2617920339107513,-0.2505773603916168,-0.2988849878311157,0.3005601763725281,0.1455135196447372,0.2998587787151336,-0.2568883001804352,0.3670834302902221,-0.0154797369614243,-0.001096440362744,-0.0052345232106745,0.1042643412947654,-0.3532573580741882,-0.2858160436153412,-0.3291383385658264,-0.101071149110794,0.0150276375934481,-0.1108117252588272,-0.0596354752779006,-0.0967844575643539,-0.104228638112545,-0.0617921538650989,-0.1004502475261688,0.2795214354991913,0.2787518501281738,0.2761434912681579,0.2752667665481567,0.2795793116092682,0.2741170227527618,-0.0003547923697624
29,2.066271543502808,-0.0186698213219642,2.0699150562286377,2.066978693008423,-0.0166348051279783,-0.0613711476325988,-0.0107313049957156,-0.0246948637068271,0.0440699346363544,57.0,1.0,336.0,-0.1581004559993744,-0.0852121785283088,-0.1351779550313949,-0.7607756853103638,-0.6279714703559875,-0.7352657914161682,-0.0849850252270698,-0.1301639825105667,0.3869012296199798,0.0101706832647323,-0.3750309348106384,-0.4711442291736603,1.4543118476867676,0.8401373624801636,0.3474413454532623,-1.5695703029632568,-1.6144859790802002,-0.6814870834350586,-0.7967169284820557,0.0127946119755506,1.3655036687850952,0.0484752655029296,1.4290165901184082,1.4215173721313477,-0.0253716763108968,-0.0733856260776519,-0.1283221691846847,-0.0280178487300872,-0.0034659197553992,-0.0031574047170579,0.0223609805107116,-0.0874705612659454,-0.0671460330486297,0.0711946040391922,0.1614488363265991,0.0344655215740203,-0.0040633301250636,-0.0001065235846908,-0.2118234187364578,-0.3633965849876404,-0.3361965119838714,0.3138833940029144,0.1926626712083816,0.3293310105800628,-0.0300787389278411,0.3429806232452392,0.0277851615101099,-0.0044886996038258,0.0041626724414527,0.0745157450437545,-0.4086757898330688,-0.3388597965240478,-0.3906861543655395,-0.1046122536063194,-0.1831595599651336,-0.1770196110010147,-0.0787634029984474,-0.1371087878942489,-0.1361576914787292,-0.0685806572437286,-0.1203259155154228,-0.0671344846487045,-0.0575026161968708,-0.0404948703944683,-0.0340082682669162,-0.0445248857140541,-0.0385786928236484,-0.0239830631762743
30,2.021740674972534,-0.0323128886520862,2.027524709701538,2.023520231246948,-0.0202440731227397,-0.0484277233481407,-0.007701117079705,-0.0189927220344543,0.0125194117426872,81.0,2.0,534.0,-0.1241253316402435,-0.0667773783206939,-0.1054590791463851,-0.7190388441085815,-0.5876809358596802,-0.6943501830101013,0.0923010036349296,0.0278634317219257,0.1393849849700927,0.1954849064350128,0.2082350701093673,0.0116753494367003,1.4473129510879517,0.9146236181259156,-1.5803463459014893,-1.1471682786941528,-0.37443807721138,-0.6016101837158203,-0.7220156192779541,0.1864204406738281,1.4432779550552368,-0.1015557870268821,1.5431585311889648,1.5347483158111572,-0.025726456195116,0.1516522020101547,0.1362909823656082,0.0975395068526268,0.0546411462128162,0.1122675240039825,-0.1504184305667877,-0.1375082731246948,-0.1741279810667038,0.0505050234496593,-0.0795555561780929,-0.0706206560134887,-0.0129534602165222,-0.0384689904749393,-0.061285950243473,-0.2511884272098541,-0.167992889881134,0.0560194291174411,0.0463479608297348,0.1210666224360466,-0.0279582738876342,0.0288101974874734,-0.0882990807294845,-0.0167693756520748,-0.0459691546857357,0.1042643412947654,-0.4070723354816437,-0.3359099924564361,-0.3888307809829712,0.0336673185229301,-0.0629958659410476,-0.1374402493238449,-0.0626560002565383,-0.1081787645816803,-0.10443015396595,-0.0532699935138225,-0.0937961190938949,-0.264527291059494,-0.279242604970932,-0.1928191483020782,-0.2060765773057937,-0.2151954919099807,-0.2289859354496002,0.0367539338767528
31,2.0175814628601074,-0.0422462783753871,2.0199666023254395,2.017853260040283,-0.02174056135118,-0.0476403720676898,-0.0074052261188626,-0.0175550933927297,0.011848397552967,44.0,3.0,24.0,-0.0968405529856681,-0.0601545125246048,-0.0893605798482894,-0.7267950773239136,-0.6032831072807312,-0.703898549079895,-0.2432764917612075,-0.0264053437858819,0.0379568450152874,-0.1781065762042999,-1.0664303302764893,-0.8073368668556213,0.9988426566123962,0.4323703944683075,0.123511828482151,-1.5723819732666016,-1.771312594413757,-0.6498005390167236,-0.7449907064437866,-0.1678226888179779,1.3064799308776855,0.0664210245013237,1.366978883743286,1.3586145639419556,0.0013630032772198,-0.0993256568908691,-0.1641830205917358,-0.1104128956794738,-0.0504492223262786,-0.0633809566497802,0.0656452402472496,-0.03341905772686,-0.0160043854266405,-0.0510035306215286,0.20793978869915,0.0641911625862121,0.004899978172034,0.0195929650217294,-0.354732483625412,-0.3835341036319732,-0.435555100440979,0.3949190080165863,0.2499531656503677,0.4093426465988159,-0.1315163522958755,0.4397688806056976,0.0457798577845096,0.0060249301604926,0.0203868821263313,0.1592378467321396,-0.372439831495285,-0.3021837174892425,-0.3487216234207153,-0.279568463563919,-0.0032473702449351,-0.1616514474153518,-0.0752331092953682,-0.126462236046791,-0.0303810592740774,-0.026093391701579,-0.0427299886941909,-0.1432095617055893,-0.1313209682703018,-0.1219058111310005,-0.1102289110422134,-0.1189679354429245,-0.1113517135381698,-0.0316031612455844
32,2.0227835178375244,-0.0304830856621265,2.0234503746032715,2.022412776947021,-0.0210590381175279,-0.0536565594375133,-0.009423685260117,-0.0220981668680906,0.0391409918665885,26.0,12.0,158.0,-0.0838849991559982,-0.0559228211641311,-0.083060435950756,-0.5844196081161499,-0.5104478001594543,-0.5980057716369629,-0.0804446339607238,0.0424850098788738,0.5994127988815308,0.0655725672841072,-0.1443651020526886,0.2421629577875137,1.8791908025741575,1.0530351400375366,2.1999495029449463,-1.3548870086669922,-1.94341504573822,-0.4007453322410583,-0.6143486499786377,0.0691679641604423,1.365203619003296,-0.043249100446701,1.459991693496704,1.449064016342163,-0.0023745051585137,-0.0597835965454578,-0.0533447265625,0.0270827263593673,0.0823079124093055,0.0950471758842468,-0.035141859203577,-0.1205579340457916,-0.1377976238727569,0.0712393522262573,0.1082745566964149,0.020780885592103,0.0016847096849232,0.0131725510582327,-0.2203200459480285,-0.2069199979305267,-0.2834431529045105,0.2578343152999878,0.1021935865283012,0.2401575744152069,-0.0073485407046973,0.2813774347305298,0.0412443168461322,0.0004109786241315,0.0178897492587566,0.1042643412947654,-0.3862014710903168,-0.3043692409992218,-0.3572842478752136,-0.0276722107082605,-0.0355275087058544,-0.0862119495868682,-0.0469462424516677,-0.080393485724926,-0.078856885433197,-0.0474598556756973,-0.0791790783405304,-0.2182734161615371,-0.2090846896171569,-0.1468649804592132,-0.1409289836883545,-0.1711313128471374,-0.1634595394134521,-0.034539557993412
33,2.0235090255737305,-0.0324560217559337,2.0270071029663086,2.023514986038208,-0.0182147119194269,-0.054504744708538,-0.0089941909536719,-0.0212070420384407,0.0382871218025684,11.0,7.0,76.0,-0.0181859545409679,-0.0215857475996017,-0.0332335159182548,-0.7078447937965393,-0.5811352729797363,-0.6847425103187561,-0.3428191840648651,0.0626591965556144,0.2148154973983764,-0.2572114169597626,-0.2102425843477249,-0.1032475233078002,0.9608910083770752,0.2841595411300659,-0.1664592027664184,-0.0378411449491977,-0.0180850252509117,-0.6525272727012634,-0.7471303939819336,-0.2596063315868377,1.5104354619979858,0.0948148593306541,1.5675569772720337,1.5603766441345217,-0.0111647974699735,-0.1232049763202667,-0.1045464053750038,0.0504365749657154,0.0328578129410743,0.0715629979968071,-0.027755407616496,-0.0793051570653915,-0.0987783372402191,0.2065696567296981,0.0691798031330108,0.0387604944407939,-0.0025757648982107,0.0026451009325683,-0.1366926729679107,-0.2588696777820587,-0.2329380512237548,0.2188656032085418,0.0797965824604034,0.2154861837625503,0.1530507951974868,0.2327806800603866,0.0175855737179517,-0.0003749790485017,0.0075951144099235,0.1042643412947654,-0.3768568933010101,-0.3068929612636566,-0.3573410809040069,-0.3119038641452789,-0.0142702013254165,-0.0663056597113609,-0.0353599153459072,-0.0598781816661357,0.0127734113484621,-0.0071669197641313,-0.0147321335971355,-0.0339982137084007,-0.0232000667601823,-0.0236385688185691,-0.014141016639769,-0.0202178973704576,-0.0101729705929756,-0.0244014300405979
34,2.0230302810668945,-0.0302753709256649,2.02739691734314,2.023806571960449,-0.0207983180880546,-0.0605792962014675,-0.0122962184250354,-0.0195434764027595,0.0413770712912082,42.0,5.0,150.0,-0.0530266389250755,-0.0371390469372272,-0.055669080466032,-0.6219244003295898,-0.4983084201812744,-0.5986664891242981,-0.082604169845581,0.132400169968605,-0.0514837354421615,-0.2520565390586853,0.8889199495315552,0.9974225163459778,-0.3846775591373443,-1.12427818775177,-0.1478189826011657,1.3432612419128418,1.641223669052124,-0.6464045643806458,-0.6036690473556519,-0.2581771314144134,1.4571949243545532,-0.1318647563457489,1.551011085510254,1.543498992919922,-0.0151598239317536,0.0551570728421211,0.0423943549394607,0.0500350184738636,0.0429719500243663,0.0807808265089988,-0.1315992325544357,-0.1430084109306335,-0.173471912741661,-0.0486585944890975,-0.0494840592145919,-0.079942800104618,-0.0085512530058622,-0.0271279066801071,-0.1086440309882164,-0.1509404480457306,-0.1670810282230377,0.0695455074310302,-0.0123671926558017,0.1037997677922248,-0.1554313004016876,0.1344444006681442,-0.0716103687882423,-0.0118108494207263,-0.0301112551242113,0.1042643412947654,-0.403665542602539,-0.3377393782138824,-0.3893361687660217,-0.2228739410638809,-0.1272898465394973,-0.0745198652148246,-0.039734661579132,-0.063408687710762,-0.0575832277536392,-0.0347448028624057,-0.0589881800115108,-0.2991994321346283,-0.2986893951892853,-0.2134122848510742,-0.2137809991836547,-0.2434604614973068,-0.2431200444698333,0.0177208911627531
35,2.0685698986053467,-0.0446534194052219,2.0719141960144043,2.070034980773926,-0.0239628814160823,-0.0544127784669399,-0.0106739811599254,-0.0215850435197353,0.0348547995090484,25.0,7.0,195.0,-0.1717787086963653,-0.0895476937294006,-0.1414327323436737,-0.4582610130310058,-0.3617026209831238,-0.4381424486637115,-0.1711277216672897,-0.0503881350159645,0.3147224485874176,-0.1117625012993812,-0.734277606010437,0.0192394331097602,1.2923938035964966,0.7620334029197693,0.1225221827626228,-1.4709088802337646,-1.487883687019348,-0.2305400371551513,-0.5089057087898254,-0.1108290255069732,1.4757765531539917,0.0483535155653953,1.552490472793579,1.5461386442184448,-0.0043782317079603,-0.0093988087028265,-0.0395067632198333,0.0968976095318794,0.0297159720212221,0.108998104929924,-0.1360520720481872,-0.0929550752043724,-0.1644653677940368,0.0866003856062889,-0.105061374604702,-0.0249706506729125,-0.0074544921517372,-0.0163094624876976,-0.0553737580776214,-0.1347614824771881,-0.1422927677631378,0.0855240076780319,0.0489896535873413,0.1015261188149452,0.0475403741002082,0.0089930454269051,-0.0499364510178566,-0.0098147504031658,-0.0214326344430446,0.0764131844043731,-0.3329002857208252,-0.2532005906105041,-0.2991298735141754,-0.0640207082033157,-0.1560034900903701,-0.1908799856901168,-0.0819522365927696,-0.1446906179189682,-0.1636707633733749,-0.0792016386985778,-0.1381831020116806,-0.1612546443939209,-0.1556439101696014,-0.0965995788574218,-0.0924810916185379,-0.118583895266056,-0.1130691617727279,0.0170972272753715
36,2.023745059967041,-0.0344843752682209,2.025080680847168,2.021438837051392,-0.0187552496790885,-0.059349101036787,-0.0082714520394802,-0.0218259375542402,0.0359135717153549,49.0,7.0,297.0,-0.1946538090705871,-0.1011202111840248,-0.1590248793363571,-0.6451642513275146,-0.5277715921401978,-0.622219443321228,-0.1425324231386184,-0.0102875214070081,-0.1437021344900131,,-0.6787742972373962,-0.2690437436103821,0.714374303817749,0.0339147932827472,,,-1.2087743282318115,-0.561150074005127,-0.6305149793624878,,1.5028891563415527,0.052831120789051,1.5666401386260986,1.56084406375885,0.0111962296068668,-0.0241301655769348,-0.0680791363120079,0.011690679937601,0.0420986711978912,0.0592926181852817,-0.042004257440567,-0.0379429459571838,-0.0793738067150116,-0.0632770359516143,0.0637451112270355,0.0252554398030042,-0.0007494345190934,0.0038682105951011,-0.2192674577236175,-0.2870705425739288,-0.304917573928833,0.2009755671024322,0.1543089747428894,0.2412061393260955,-0.1722073853015899,0.2044475972652435,0.0026059544179588,-0.0025198822841048,-0.0001936647604452,0.1042643412947654,-0.3688921928405761,-0.2953786551952362,-0.3445266485214233,-0.1104752793908119,-0.0153896063566207,-0.2132407426834106,-0.0941469445824623,-0.1609582751989364,-0.1963616162538528,-0.0900527760386467,-0.1591419726610183,-0.1529448181390762,-0.1444387733936309,-0.1020544990897178,-0.0971305593848228,-0.1166757941246032,-0.1109522953629493,-0.0076449061743915
37,2.023090124130249,-0.0338288620114326,2.025822162628174,2.0255157947540283,-0.0208398438990116,-0.0608583986759185,-0.0089233824983239,-0.0220912173390388,0.0423973761498928,34.0,4.0,214.0,-0.1408174932003021,-0.0768066197633743,-0.1174025684595108,-0.6014282703399658,-0.4884413182735443,-0.5796427726745605,-0.3105703592300415,-0.0217476431280374,-0.7839564085006714,-0.2253494560718536,-0.3885024785995483,-0.208304613828659,0.1150776445865631,-0.927654266357422,0.4263216257095337,-0.2375794649124145,-0.6495976448059082,-0.6399457454681396,-0.6468803286552429,-0.2264506667852401,1.4261107444763184,-0.1246774420142173,1.5417054891586304,1.5365183353424072,-0.0062885484658181,0.0039526466280221,0.0218132846057415,0.0637112483382225,-0.0162120554596185,0.0420266650617122,-0.103200115263462,-0.0529137887060642,-0.1031028181314468,0.1942213326692581,-0.0792638286948204,-0.0385059528052806,-0.0046160817146301,-0.0111763793975114,-0.024694126099348,-0.1787939965724945,-0.1239101812243461,0.0457949303090572,0.0572793781757354,0.0945193395018577,0.1615016162395477,0.0101449508219957,-0.0070178727619349,-0.0088765043765306,-0.0118973897770047,0.1042643412947654,-0.327080100774765,-0.2550542950630188,-0.2976039946079254,-0.3608707785606384,-0.1640837490558624,-0.1719217896461486,-0.074931651353836,-0.129085972905159,-0.140346273779869,-0.0695503801107406,-0.1182258427143096,0.158038929104805,0.1513469070196151,0.1605599224567413,0.1555817574262619,0.161072164773941,0.1563849449157714,0.0067581185139715
38,2.020584344863892,-0.0287463907152414,2.0257818698883057,2.021510601043701,-0.0193386282771825,-0.0610154494643211,-0.0097868302837014,-0.0222320780158042,0.042821280658245,50.0,1.0,522.0,-0.0195983499288558,-0.0293535999953746,-0.0419603697955608,-0.8182263970375061,-0.6774701476097107,-0.7935202717781067,-0.2410960793495178,-0.1237330436706543,-0.4078426659107208,-0.1213063225150108,1.389888048171997,0.9269264340400696,0.5592906475067139,-0.1093489453196525,0.516112208366394,0.5757813453674316,0.1413173973560333,-0.7776604294776917,-0.8205462694168091,-0.1219375282526016,1.431102275848389,-0.0935639515519142,1.521986484527588,1.514851212501526,-0.0205642059445381,0.1505144536495208,0.0926036685705185,-0.0992422923445701,0.0254023727029562,-0.0066261608153581,0.0566172003746032,-0.1187686994671821,-0.0715005099773407,-0.1206249296665191,0.1427964270114898,-0.0413225665688514,-0.010556373745203,-0.0219935234636068,-0.3567998111248016,-0.3624621629714966,-0.4214725792407989,0.3939108848571777,0.1620392352342605,0.3809166848659515,-0.2559095919132232,0.335852563381195,-0.0431487560272216,-0.0136031573638319,-0.02378761023283,0.1042643412947654,-0.433402955532074,-0.359511524438858,-0.414314717054367,-0.2610516548156738,-0.145044133067131,-0.0271103177219629,-0.0270011350512504,-0.0428582169115543,-0.0252179596573114,-0.0289852190762758,-0.0450640022754669,-0.2787924706935882,-0.2849105894565582,-0.200302243232727,-0.2075381726026535,-0.2268201559782028,-0.2327566146850586,0.0001369847159367
